<?xml version="1.0" encoding="UTF-8"?>
<project xmlns="http://www.plcopen.org/xml/tc6.xsd" xmlns:xhtml="http://www.w3.org/1999/xhtml" xmlns:xsi="http://www.w3.org/2001/XMLSchema-instance"><fileHeader xmlns="" companyName="BrAutomation" companyURL="http://www.br-automation.com" productName="SafeDESIGNER" productVersion=" 4.2.0.17 RC 20160309" creationDateTime="Wed Apr 13 15:26:23 2016
"/><contentHeader xmlns="" name="SafeLOGIC-1"><coordinateInfo><pageSize x="235" y="3499"/><fbd><scaling x="2" y="2"/></fbd><ld><scaling x="2" y="2"/></ld><sfc><scaling x="2" y="2"/></sfc></coordinateInfo><addDataInfo><info name="http://www.phoenixcontact-software.com" vendor="http://www.phoenixcontact-software.com"/></addDataInfo></contentHeader><types xmlns=""><dataTypes/><pous><pou name="Main" pouType="Programm" crc=" 0x318C99A8"><interface/><body><FBD><addData><data name="http://www.phoenixcontact-software.com" handleUnknown="preserve"/></addData><inVariable localId="0" height="2" width="23"><position x="31" y="35"/><expression>SM2_SafeModuleOk</expression><connectionPointOut><relPosition x="23" y="1"/></connectionPointOut></inVariable><outVariable localId="1" height="2" width="14"><position x="54" y="35"/><expression>SM2_SMOK</expression><connectionPointIn><relPosition x="0" y="1"/><connection refLocalId="0"/></connectionPointIn></outVariable><inVariable localId="2" height="2" width="21"><position x="34" y="41"/><expression>SM2_SafeInput01</expression><connectionPointOut><relPosition x="21" y="1"/></connectionPointOut></inVariable><outVariable localId="3" height="2" width="13"><position x="55" y="41"/><expression>SM2_SI01</expression><connectionPointIn><relPosition x="0" y="1"/><connection refLocalId="2"/></connectionPointIn></outVariable></FBD></body></pou></pous></types></project>
